center_id,center_name,phone,fax,address,sido,sigungu,gu,emd,search_key,area_key,sido_norm,area_key_norm,display_name,aliases,floor_info,unit_info,building_hint,arrival_hint,google_place_id,google_primary_photo_ref,google_maps_url
C001,강원영동BP,033-642-8016,033-641-8016,강원 강릉시 용지로 149 (옥천동) 2층,강원도,강릉시,,옥천동,강원영동BP 강원 강릉시 용지로 149 (옥천동) 2층,강원도 강릉시 옥천동,강원도,강원도 강릉시 옥천동,강원영동BP (강릉시 옥천동),,2층,,강릉시 용지,강릉시 용지 2층,,,
C002,동해BP,033-532-0101,033-532-0102,강원 동해시 발한로 125 (발한동) 1층,강원도,동해시,,발한동,동해BP 강원 동해시 발한로 125 (발한동) 1층,강원도 동해시 발한동,강원도,강원도 동해시 발한동,동해BP (동해시 발한동),,1층,,동해시 발한,동해시 발한 1층,,,
C003,춘천우리BP,033-241-5010,033-242-7010,강원 춘천시 춘주로92번길 30 (온의동) 1층,강원도,춘천시,,온의동,춘천우리BP 강원 춘천시 춘주로92번길 30 (온의동) 1층,강원도 춘천시 온의동,강원도,강원도 춘천시 온의동,춘천우리BP (춘천시 온의동),,1층,,춘천시 춘주,춘천시 춘주 1층,,,
C004,원주BP,033-762-2017,033-762-2018,강원특별자치도 원주시 단관길 197 (관설동) 1층,강원특별자치도,원주시,,관설동,원주BP 강원특별자치도 원주시 단관길 197 (관설동) 1층,강원특별자치도 원주시 관설동,강원도,강원도 원주시 관설동,원주BP (원주시 관설동),,1층,,원주시 단관,원주시 단관 1층,,,
C005,홍천BP,033-434-3358,050-5333-3358,강원 홍천군 홍천읍 꽃뫼로1길 3-1 1층,강원도,홍천군,,홍천읍,홍천BP 강원 홍천군 홍천읍 꽃뫼로1길 3-1 1층,강원도 홍천군 홍천읍,강원도,강원도 홍천군 홍천읍,홍천BP (홍천군 홍천읍),,1층,,홍천읍 꽃뫼,홍천읍 꽃뫼 1층,,,
C006,강릉BP,033-642-5055,033-642-4055,강원 강릉시 토성로 176 (임당동) 3층,강원도,강릉시,,임당동,강릉BP 강원 강릉시 토성로 176 (임당동) 3층,강원도 강릉시 임당동,강원도,강원도 강릉시 임당동,강릉BP (강릉시 임당동),,3층,,강릉시 토성,강릉시 토성 3층,,,
C007,강원BP,033-763-3055,033-763-3053,강원 원주시 행구로 21 (개운동) 다온빌딩 201호,강원도,원주시,,개운동,강원BP 강원 원주시 행구로 21 (개운동) 다온빌딩 201호,강원도 원주시 개운동,강원도,강원도 원주시 개운동,강원BP (원주시 개운동),,,201호,,201호,,,
C008,본사,031-267-9647,031-267-9699,경기 수원시 영통구 센트럴타운로 114-8 (이의동) 3층,경기도,수원시,영통구,이의동,본사 경기 수원시 영통구 센트럴타운로 114-8 (이의동) 3층,경기도 수원시 이의동,경기도,경기도 수원시 영통구 이의동,본사 (수원시 영통구 이의동),,3층,,영통구 센트럴타운,영통구 센트럴타운 3층,,,
C009,광명빅BP,02-6953-8014,02-6956-8014,경기 광명시 오리로 992 (광명동) 광명리더스 빌딩 901호,경기도,광명시,,광명동,광명빅BP 경기 광명시 오리로 992 (광명동) 광명리더스 빌딩 901호,경기도 광명시 광명동,경기도,경기도 광명시 광명동,광명빅BP (광명시 광명동),,,901호,,901호,,,
C010,부천역BP,032-323-3055,032-326-3055,경기 부천시 부천로39번길 8 (심곡동) 6층(동아빌딩),경기도,부천시,,심곡동,부천역BP 경기 부천시 부천로39번길 8 (심곡동) 6층(동아빌딩),경기도 부천시 심곡동,경기도,경기도 부천시 심곡동,부천역BP (부천시 심곡동),,6층,,부천시 부천,부천시 부천 6층,,,
C011,안산BP,031-414-0163,031-413-0163,경기 안산시 단원구 광덕4로 112 (고잔동) 206호(슈마프라자),경기도,안산시,단원구,고잔동,안산BP 경기 안산시 단원구 광덕4로 112 (고잔동) 206호(슈마프라자),경기도 안산시 고잔동,경기도,경기도 안산시 단원구 고잔동,안산BP (안산시 단원구 고잔동),,,206호,,206호,,,
C012,가온 오산역BP,031-375-5016,031-377-6018,경기 오산시 오산로 198 (원동) 우정빌딩 102호,경기도,오산시,,원동,가온오산역BP 경기 오산시 오산로 198 (원동) 우정빌딩 102호,경기도 오산시 원동,경기도,경기도 오산시 원동,가온 오산역BP (오산시 원동),,,102호,,102호,,,
C013,의정부나눔BP,031-875-2016,031-879-2016,경기 의정부시 둔야로 20 (의정부동) 404호,경기도,의정부시,,의정부동,의정부나눔BP 경기 의정부시 둔야로 20 (의정부동) 404호,경기도 의정부시 의정부동,경기도,경기도 의정부시 의정부동,의정부나눔BP (의정부시 의정부동),,,404호,,404호,,,
C014,구리행복,010-6481-9774,031-557-0110,경기도 구리시 동구릉로 73 상가 2호,경기도,구리시,,,구리행복 경기도 구리시 동구릉로 73 상가 2호,경기도 구리시,경기도,경기도 구리시,구리행복 (구리시),,,2호,,2호,,,
C015,영통BP,031-202-2070,031-204-2070,경기 수원시 영통구 반달로7번길 30 (영통동) 르네상스시티프라자 5층 530호,경기도,수원시,영통구,영통동,영통BP 경기 수원시 영통구 반달로7번길 30 (영통동) 르네상스시티프라자 5층 530호,경기도 수원시 영통동,경기도,경기도 수원시 영통구 영통동,영통BP (수원시 영통구 영통동),,5층,530호,영통구 반달,영통구 반달 5층 530호,,,
C016,고양일산BP,031-904-8610,031-904-8611,경기 고양시 일산동구 중앙로 1200 (마두동) 삼희골드프라자 205호,경기도,고양시,일산동구,마두동,고양일산BP 경기 고양시 일산동구 중앙로 1200 (마두동) 삼희골드프라자 205호,경기도 고양시 마두동,경기도,경기도 고양시 일산동구 마두동,고양일산BP (고양시 일산동구 마두동),,,205호,,205호,,,
C017,안양BP,031-442-2508,031-445-2503,안양시 동안구 엘에스로92 12동 2층 206호,안양시,안양시,동안구,12동,안양BP 안양시 동안구 엘에스로92 12동 2층 206호,안양시 동안구 12동,경기도,경기도 안양시 동안구 12동,안양BP (안양시 동안구 12동),,2층,206호,동안구 엘에스,동안구 엘에스 2층 206호,,,
C018,이천BP,031-637-9888,031-634-3888,경기 이천시 증신로 81 2층 202호,경기도,이천시,,,이천BP 경기 이천시 증신로 81 2층 202호,경기도 이천시,경기도,경기도 이천시,이천BP (이천시),,2층,202호,이천시 증신,이천시 증신 2층 202호,,,
C019,에이스양평BP,031-771-0902,031-771-0970,경기 양평군 양평읍 시민로 94 지하1층,경기도,양평군,,양평읍,에이스양평BP 경기 양평군 양평읍 시민로 94 지하1층,경기도 양평군 양평읍,경기도,경기도 양평군 양평읍,에이스양평BP (양평군 양평읍),,지하1층,,양평읍 시민,양평읍 시민 지하1층,,,
C020,가온파주BP,031-942-2989,050-4393-2989,경기 파주시 새꽃로 180 (금촌동) 1층,경기도,파주시,,금촌동,가온파주BP 경기 파주시 새꽃로 180 (금촌동) 1층,경기도 파주시 금촌동,경기도,경기도 파주시 금촌동,가온파주BP (파주시 금촌동),,1층,,파주시 새꽃,파주시 새꽃 1층,,,
C021,의정부한빛BP,010-2939-5899,050-4164-5899,"경기 의정부시 호국로 1303 (의정부동, 한라비발디루트) 118호",경기도,의정부시,,"의정부동, 한라비발디루트","의정부한빛BP 경기 의정부시 호국로 1303 (의정부동, 한라비발디루트) 118호","경기도 의정부시 의정부동, 한라비발디루트",경기도,"경기도 의정부시 의정부동, 한라비발디루트",의정부한빛BP (의정부시 의정부동),,,118호,,118호,,,
C022,평택BP,031-618-7990,031-618-7991,경기 평택시 원평로 43 (평택동) 2층,경기도,평택시,,평택동,평택BP 경기 평택시 원평로 43 (평택동) 2층,경기도 평택시 평택동,경기도,경기도 평택시 평택동,평택BP (평택시 평택동),,2층,,평택시 원평,평택시 원평 2층,,,
C023,수원나눔BP,031-223-2763,031-237-2764,경기 수원시 팔달구 경수대로 424 (인계동) 2층 202호,경기도,수원시,팔달구,인계동,수원나눔BP 경기 수원시 팔달구 경수대로 424 (인계동) 2층 202호,경기도 수원시 인계동,경기도,경기도 수원시 팔달구 인계동,수원나눔BP (수원시 팔달구 인계동),,2층,202호,팔달구 경수,팔달구 경수 2층 202호,,,
C024,광명BP,070-5057-1378,0504-468-6378,경기 부천시 양지로 247 (옥길동) 광양프런티어밸리7차 1020호,경기도,부천시,,옥길동,광명BP 경기 부천시 양지로 247 (옥길동) 광양프런티어밸리7차 1020호,경기도 부천시 옥길동,경기도,경기도 부천시 옥길동,광명BP (부천시 옥길동),,,1020호,,1020호,,,
C025,가온 평택역BP,031-691-1236,031-652-0124,경기 평택시 평택로64번길 32 (평택동) 3층,경기도,평택시,,평택동,가온평택역BP 경기 평택시 평택로64번길 32 (평택동) 3층,경기도 평택시 평택동,경기도,경기도 평택시 평택동,가온 평택역BP (평택시 평택동),,3층,,평택시 평택,평택시 평택 3층,,,
C026,시흥 정왕역BP,031-431-2016,031-431-3016,경기 시흥시 마유로418번길 10 (정왕동) 월드맥스몰 2층 203호 일부,경기도,시흥시,,정왕동,시흥정왕역BP 경기 시흥시 마유로418번길 10 (정왕동) 월드맥스몰 2층 203호 일부,경기도 시흥시 정왕동,경기도,경기도 시흥시 정왕동,시흥 정왕역BP (시흥시 정왕동),,2층,203호,시흥시 마유,시흥시 마유 2층 203호,,,
C027,창원글로벌BP,055-237-9016,055-237-9016,경남 창원시 의창구 창원대로363번길 22-57 (팔용동) 1층 114호,경상남도,창원시,의창구,팔용동,창원글로벌BP 경남 창원시 의창구 창원대로363번길 22-57 (팔용동) 1층 114호,경상남도 창원시 팔용동,경상남도,경상남도 창원시 의창구 팔용동,창원글로벌BP (창원시 의창구 팔용동),,1층,114호,의창구 창원,의창구 창원 1층 114호,,,
C028,김해 이레BP,055-724-1850,055-724-1851,경남 김해시 가락로 26 (부원동) 부원프라자 7층,경상남도,김해시,,부원동,김해이레BP 경남 김해시 가락로 26 (부원동) 부원프라자 7층,경상남도 김해시 부원동,경상남도,경상남도 김해시 부원동,김해 이레BP (김해시 부원동),,7층,,김해시 가락,김해시 가락 7층,,,
C029,진주남강BP,010-9309-6265,0504-166-6265,경남 진주시 범골로54번길 30-9 (충무공동) 드림IT밸리 주1동 B601호,경상남도,진주시,,충무공동,진주남강BP 경남 진주시 범골로54번길 30-9 (충무공동) 드림IT밸리 주1동 B601호,경상남도 진주시 충무공동,경상남도,경상남도 진주시 충무공동,진주남강BP (진주시 충무공동),,,601호,,601호,,,
C030,창원BP,055-291-2953,055-291-2954,경남 창원시 마산합포구 합포로 240 (산호동) 4층,경상남도,창원시,마산합포구,산호동,창원BP 경남 창원시 마산합포구 합포로 240 (산호동) 4층,경상남도 창원시 산호동,경상남도,경상남도 창원시 마산합포구 산호동,창원BP (창원시 마산합포구 산호동),마산|창원 마산|창원시 마산,4층,,마산합포구 합포,마산합포구 합포 4층,,,
C031,거제BP,055-637-5760,055-637-5761,경남 거제시 장평로8길 30 (장평동) 2층 201호,경상남도,거제시,,장평동,거제BP 경남 거제시 장평로8길 30 (장평동) 2층 201호,경상남도 거제시 장평동,경상남도,경상남도 거제시 장평동,거제BP (거제시 장평동),,2층,201호,거제시 장평,거제시 장평 2층 201호,,,
C032,김해BP,055-326-6016,055-323-8018,경남 김해시 김해대로 2389 (부원동) 3층,경상남도,김해시,,부원동,김해BP 경남 김해시 김해대로 2389 (부원동) 3층,경상남도 김해시 부원동,경상남도,경상남도 김해시 부원동,김해BP (김해시 부원동),,3층,,김해시 김해,김해시 김해 3층,,,
C033,양산홍익으뜸BP,055-385-5222,050-4099-8118,경남 양산시 북안남3길 44 (북부동) 2층,경상남도,양산시,,북부동,양산홍익으뜸BP 경남 양산시 북안남3길 44 (북부동) 2층,경상남도 양산시 북부동,경상남도,경상남도 양산시 북부동,양산홍익으뜸BP (양산시 북부동),,2층,,양산시 북안남3,양산시 북안남3 2층,,,
C034,진주혁신BP,055-754-3698,055-754-3697,경남 진주시 동진로 106 (상대동) 2층,경상남도,진주시,,상대동,진주혁신BP 경남 진주시 동진로 106 (상대동) 2층,경상남도 진주시 상대동,경상남도,경상남도 진주시 상대동,진주혁신BP (진주시 상대동),,2층,,진주시 동진,진주시 동진 2층,,,
C035,포항BP,054-283-0991,054-283-0992,포항시 남구 중앙로 158 (해도동) 3층,포항시,포항시,남구,해도동,포항BP 포항시 남구 중앙로 158 (해도동) 3층,포항시 남구 해도동,경상북도,경상북도 포항시 남구 해도동,포항BP (포항시 남구 해도동),,3층,,남구 중앙,남구 중앙 3층,,,
C036,구미BP,054-463-3016,054-463-9016,경북 구미시 야은로 740-1 (신평동) 3층,경상북도,구미시,,신평동,구미BP 경북 구미시 야은로 740-1 (신평동) 3층,경상북도 구미시 신평동,경상북도,경상북도 구미시 신평동,구미BP (구미시 신평동),,3층,,구미시 야은,구미시 야은 3층,,,
C037,안동BP,054-843-8214,054-843-8214,경북 안동시 광명로 198 (옥동) 옥동삼성1차아파트 상가동 302-1호,경상북도,안동시,,옥동,안동BP 경북 안동시 광명로 198 (옥동) 옥동삼성1차아파트 상가동 302-1호,경상북도 안동시 옥동,경상북도,경상북도 안동시 옥동,안동BP (안동시 옥동),,,302-1호,,302-1호,,,
C038,경산BP,053-813-0160,,경북 경산시 강변동로 76 (서상동) 3층,경상북도,경산시,,서상동,경산BP 경북 경산시 강변동로 76 (서상동) 3층,경상북도 경산시 서상동,경상북도,경상북도 경산시 서상동,경산BP (경산시 서상동),,3층,,,3층,,,
C039,광주무등BP,062-382-6016,062-384-6016,광주 남구 독립로 84 (백운동) 2층,광주광역시,남구,,백운동,광주무등BP 광주 남구 독립로 84 (백운동) 2층,광주광역시 남구 백운동,광주광역시,광주광역시 남구 백운동,광주무등BP (남구 백운동),,2층,,남구 독립,남구 독립 2층,,,
C040,광주BP,062-372-5016,062-372-6016,광주 서구 상무화원로12번길 4 (치평동) 1층,광주광역시,서구,,치평동,광주BP 광주 서구 상무화원로12번길 4 (치평동) 1층,광주광역시 서구 치평동,광주광역시,광주광역시 서구 치평동,광주BP (서구 치평동),,1층,,서구 상무화원,서구 상무화원 1층,,,
C041,동대구BP,053-751-8016,053-753-8016,대구 동구 효신로 14 (효목동) 2층,대구광역시,동구,,효목동,동대구BP 대구 동구 효신로 14 (효목동) 2층,대구광역시 동구 효목동,대구광역시,대구광역시 동구 효목동,동대구BP (동구 효목동),,2층,,동구 효신,동구 효신 2층,,,
C042,대구BP,053-561-6016,053-561-8016,대구시 달서구 달구벌대로 1504 (감삼동) 5층,대구광역시,달서구,,감삼동,대구BP 대구시 달서구 달구벌대로 1504 (감삼동) 5층,대구광역시 달서구 감삼동,대구광역시,대구광역시 달서구 감삼동,대구BP (달서구 감삼동),,5층,,달서구 달구벌,달서구 달구벌 5층,,,
C043,대구글로벌BP,053-588-3016,053-285-1527,대구광역시 달서구 계대동문로4길 72(신당동) 1층 101호,대구광역시,달서구,,신당동,대구글로벌BP 대구광역시 달서구 계대동문로4길 72(신당동) 1층 101호,대구광역시 달서구 신당동,대구광역시,대구광역시 달서구 신당동,대구글로벌BP (달서구 신당동),,1층,101호,달서구 계대동문,달서구 계대동문 1층 101호,,,
C044,대구상인역BP,053-642-2004,053-426-2004,대구 달서구 월배로 200 (상인동) 2층,대구광역시,달서구,,상인동,대구상인역BP 대구 달서구 월배로 200 (상인동) 2층,대구광역시 달서구 상인동,대구광역시,대구광역시 달서구 상인동,대구상인역BP (달서구 상인동),,2층,,달서구 월배,달서구 월배 2층,,,
C045,대구팔공BP,053-744-8016,053-745-9016,대구 동구 동부로 71 (신천동) 2층,대구광역시,동구,,신천동,대구팔공BP 대구 동구 동부로 71 (신천동) 2층,대구광역시 동구 신천동,대구광역시,대구광역시 동구 신천동,대구팔공BP (동구 신천동),,2층,,동구 동부,동구 동부 2층,,,
C046,대전역BP,042-253-1016,042-253-2016,대전시 중구 대흥동 336-16 조양빌딩 3층,대전광역시,중구,,대흥동,대전역BP 대전시 중구 대흥동 336-16 조양빌딩 3층,대전광역시 중구 대흥동,대전광역시,대전광역시 중구 대흥동,대전역BP (중구 대흥동),,3층,,336-16 조양빌딩,336-16 조양빌딩 3층,,,
C047,대전 GOBP,042-633-0633,042-633-0634,대전 동구 백룡로5번길 80 (자양동) 지하1층,대전광역시,동구,,자양동,대전GOBP 대전 동구 백룡로5번길 80 (자양동) 지하1층,대전광역시 동구 자양동,대전광역시,대전광역시 동구 자양동,대전 GOBP (동구 자양동),,지하1층,,동구 백룡,동구 백룡 지하1층,,,
C048,부산역BP,051-464-8016,051-465-9016,부산 동구 중앙대로308번길 3-5 (초량동) 세진빌딩 303호,부산광역시,동구,,초량동,부산역BP 부산 동구 중앙대로308번길 3-5 (초량동) 세진빌딩 303호,부산광역시 동구 초량동,부산광역시,부산광역시 동구 초량동,부산역BP (동구 초량동),,,303호,,303호,,,
C049,부산연제BP,051-852-2016,051-852-3016,부산 부산진구 양연로 4 (양정동) 4층,부산광역시,부산진구,,양정동,부산연제BP 부산 부산진구 양연로 4 (양정동) 4층,부산광역시 부산진구 양정동,부산광역시,부산광역시 부산진구 양정동,부산연제BP (부산진구 양정동),,4층,,부산진구 양연,부산진구 양연 4층,,,
C050,부산우정BP,010-8279-4320,051-803-3010,부산 부산진구 부전로162번길 3 (부전동) 3층,부산광역시,부산진구,,부전동,부산우정BP 부산 부산진구 부전로162번길 3 (부전동) 3층,부산광역시 부산진구 부전동,부산광역시,부산광역시 부산진구 부전동,부산우정BP (부산진구 부전동),,3층,,부산진구 부전,부산진구 부전 3층,,,
C051,가자부산BP,051-866-1543,051-866-1544,부산 연제구 중앙대로1075번길 16 (연산동) 2층,부산광역시,연제구,,연산동,가자부산BP 부산 연제구 중앙대로1075번길 16 (연산동) 2층,부산광역시 연제구 연산동,부산광역시,부산광역시 연제구 연산동,가자부산BP (연제구 연산동),,2층,,연제구 중앙,연제구 중앙 2층,,,
C052,부산광명BP,051-852-0898,051-852-0878,부산 연제구 반송로 9 (연산동) 4층,부산광역시,연제구,,연산동,부산광명BP 부산 연제구 반송로 9 (연산동) 4층,부산광역시 연제구 연산동,부산광역시,부산광역시 연제구 연산동,부산광명BP (연제구 연산동),,4층,,연제구 반송,연제구 반송 4층,,,
C053,부산센텀BP,051-717-0302,051-717-0405,부산 동래구 연안로64번길 4 (안락동) 201호,부산광역시,동래구,,안락동,부산센텀BP 부산 동래구 연안로64번길 4 (안락동) 201호,부산광역시 동래구 안락동,부산광역시,부산광역시 동래구 안락동,부산센텀BP (동래구 안락동),,,201호,,201호,,,
C054,개금BP,051-892-3888,051-896-4777,부산진구 가야대로466 경향한의원 지하1층,부산진구,부산진구,,,개금BP 부산진구 가야대로466 경향한의원 지하1층,부산진구,부산광역시,부산광역시 부산진구,개금BP (부산진구),,지하1층,,부산진구 가야,부산진구 가야 지하1층,,,
C055,사상글로벌BP,051-325-6016,051-325-8016,부산 사상구 사상로 434 (모라동) 1층,부산광역시,사상구,,모라동,사상글로벌BP 부산 사상구 사상로 434 (모라동) 1층,부산광역시 사상구 모라동,부산광역시,부산광역시 사상구 모라동,사상글로벌BP (사상구 모라동),,1층,,사상구 사상,사상구 사상 1층,,,
C056,부산 미래BP,051-633-9956,051-633-9957,부산 부산진구 범일로 175 (범천동) 2층,부산광역시,부산진구,,범천동,부산미래BP 부산 부산진구 범일로 175 (범천동) 2층,부산광역시 부산진구 범천동,부산광역시,부산광역시 부산진구 범천동,부산 미래BP (부산진구 범천동),,2층,,부산진구 범일,부산진구 범일 2층,,,
C057,송파 CGI BP,02-472-3663,02-477-7016,서울 송파구 오금로11길 23-9 (방이동) 5층 511호,서울특별시,송파구,,방이동,송파CGIBP 서울 송파구 오금로11길 23-9 (방이동) 5층 511호,서울특별시 송파구 방이동,서울특별시,서울특별시 송파구 방이동,송파 CGI BP (송파구 방이동),,5층,511호,송파구 오금,송파구 오금 5층 511호,,,
C058,군자BP,02-2248-0016,02-2213-0102,서울 광진구 능동로 331 (중곡동) 2층,서울특별시,광진구,,중곡동,군자BP 서울 광진구 능동로 331 (중곡동) 2층,서울특별시 광진구 중곡동,서울특별시,서울특별시 광진구 중곡동,군자BP (광진구 중곡동),,2층,,,2층,,,
C059,구로 신도림테크노BP,02-858-0598,02-859-0598,서울 구로구 새말로 97 (구로동) 9층 3호,서울특별시,구로구,,구로동,구로신도림테크노BP 서울 구로구 새말로 97 (구로동) 9층 3호,서울특별시 구로구 구로동,서울특별시,서울특별시 구로구 구로동,구로 신도림테크노BP (구로구 구로동),,9층,3호,구로구 새말,구로구 새말 9층 3호,,,
C060,성북비전BP,02-3292-7010,02-3292-5010,서울 성북구 돌곶이로 25길 4-1 퀸즈빌8차 101호,서울특별시,성북구,,,성북비전BP 서울 성북구 돌곶이로 25길 4-1 퀸즈빌8차 101호,서울특별시 성북구,서울특별시,서울특별시 성북구,성북비전BP (성북구),,,101호,,101호,,,
C061,을지로BP,010-3208-8250,050-4206-7926,서울 중구 충무로 50 (을지로3가) 6층,서울특별시,중구,,을지로3가,을지로BP 서울 중구 충무로 50 (을지로3가) 6층,서울특별시 중구 을지로3가,서울특별시,서울특별시 중구 을지로3가,을지로BP (중구 을지로3가),,6층,,중구 충무,중구 충무 6층,,,
C062,대방BP,02-832-1005,02-845-6016,서울 영등포구 여의대방로 199 (신길동) 3층,서울특별시,영등포구,,신길동,대방BP 서울 영등포구 여의대방로 199 (신길동) 3층,서울특별시 영등포구 신길동,서울특별시,서울특별시 영등포구 신길동,대방BP (영등포구 신길동),,3층,,영등포구 여의대방,영등포구 여의대방 3층,,,
C063,가로수홍대BP,070-4006-0903,070-4009-9672,서울 마포구 어울마당로5길 16 (서교동) 3층,서울특별시,마포구,,서교동,가로수홍대BP 서울 마포구 어울마당로5길 16 (서교동) 3층,서울특별시 마포구 서교동,서울특별시,서울특별시 마포구 서교동,가로수홍대BP (마포구 서교동),,3층,,마포구 어울마당,마포구 어울마당 3층,,,
C064,건대친구통신BP,02-6964-8020,02-6964-8090,서울 광진구 아차산로30길 31 (자양동) 3층(건대친구통신),서울특별시,광진구,,자양동,건대친구통신BP 서울 광진구 아차산로30길 31 (자양동) 3층(건대친구통신),서울특별시 광진구 자양동,서울특별시,서울특별시 광진구 자양동,건대친구통신BP (광진구 자양동),,3층,,광진구 아차산,광진구 아차산 3층,,,
C065,개봉BP,02-2625-8595,02-2625-8596,서울 구로구 경인로33다길 21 (개봉동) 1층,서울특별시,구로구,,개봉동,개봉BP 서울 구로구 경인로33다길 21 (개봉동) 1층,서울특별시 구로구 개봉동,서울특별시,서울특별시 구로구 개봉동,개봉BP (구로구 개봉동),,1층,,구로구 경인,구로구 경인 1층,,,
C066,관악BP,02-889-6665,02-889-6664,서울 관악구 봉천로 335 (봉천동) 301호,서울특별시,관악구,,봉천동,관악BP 서울 관악구 봉천로 335 (봉천동) 301호,서울특별시 관악구 봉천동,서울특별시,서울특별시 관악구 봉천동,관악BP (관악구 봉천동),,,301호,,301호,,,
C067,지앤지BP,02-6958-9103,02-3467-4511,서울 금천구 디지털로10길 37 (가산동) 아스크타워 614호 ~ 618호,서울특별시,금천구,,가산동,지앤지BP 서울 금천구 디지털로10길 37 (가산동) 아스크타워 614호 ~ 618호,서울특별시 금천구 가산동,서울특별시,서울특별시 금천구 가산동,지앤지BP (금천구 가산동),,,614호,,614호,,,
C068,동서울BP,02-3437-7705,02-3437-7706,서울 광진구 자양로 67 (자양동) 302호,서울특별시,광진구,,자양동,동서울BP 서울 광진구 자양로 67 (자양동) 302호,서울특별시 광진구 자양동,서울특별시,서울특별시 광진구 자양동,동서울BP (광진구 자양동),,,302호,,302호,,,
C069,강동그린BP,02-478-0278,02-478-0845,서울 강동구 성내로 4 (성내동) 3층,서울특별시,강동구,,성내동,강동그린BP 서울 강동구 성내로 4 (성내동) 3층,서울특별시 강동구 성내동,서울특별시,서울특별시 강동구 성내동,강동그린BP (강동구 성내동),,3층,,강동구 성내,강동구 성내 3층,,,
C070,구로센트럴BP,02-877-3694,050-4277-3694,서울 구로구 디지털로30길 28 (구로동) 마리오타워1108호,서울특별시,구로구,,구로동,구로센트럴BP 서울 구로구 디지털로30길 28 (구로동) 마리오타워1108호,서울특별시 구로구 구로동,서울특별시,서울특별시 구로구 구로동,구로센트럴BP (구로구 구로동),,,1108호,,1108호,,,
C071,대림 모아BP,02-851-3858,02-851-3858,서울 구로구 구로중앙로14길 61 (구로동) 3층,서울특별시,구로구,,구로동,대림모아BP 서울 구로구 구로중앙로14길 61 (구로동) 3층,서울특별시 구로구 구로동,서울특별시,서울특별시 구로구 구로동,대림 모아BP (구로구 구로동),,3층,,구로구 구로중앙,구로구 구로중앙 3층,,,
C072,신세계 영등포BP,02-2676-6016,02-2675-6016,서울 영등포구 영중로 22 (영등포동3가) 4층 401호,서울특별시,영등포구,,영등포동3가,신세계영등포BP 서울 영등포구 영중로 22 (영등포동3가) 4층 401호,서울특별시 영등포구 영등포동3가,서울특별시,서울특별시 영등포구 영등포동3가,신세계 영등포BP (영등포구 영등포동3가),,4층,401호,영등포구 영중,영등포구 영중 4층 401호,,,
C073,삼전BP,02-6204-0720,02-6413-0720,서울 송파구 삼전로12길 10 (삼전동) 3층 301호,서울특별시,송파구,,삼전동,삼전BP 서울 송파구 삼전로12길 10 (삼전동) 3층 301호,서울특별시 송파구 삼전동,서울특별시,서울특별시 송파구 삼전동,삼전BP (송파구 삼전동),,3층,301호,송파구 삼전,송파구 삼전 3층 301호,,,
C074,가산역BP,02-6264-2025,02-6264-2026,서울 금천구 가산디지털1로 181 (가산동) 5층 507호,서울특별시,금천구,,가산동,가산역BP 서울 금천구 가산디지털1로 181 (가산동) 5층 507호,서울특별시 금천구 가산동,서울특별시,서울특별시 금천구 가산동,가산역BP (금천구 가산동),,5층,507호,금천구 가산디지털1,금천구 가산디지털1 5층 507호,,,
C075,상봉 크라운BP,02-435-8812,02-435-8812,서울 중랑구 망우로 240 (상봉동) 3층 302호,서울특별시,중랑구,,상봉동,상봉크라운BP 서울 중랑구 망우로 240 (상봉동) 3층 302호,서울특별시 중랑구 상봉동,서울특별시,서울특별시 중랑구 상봉동,상봉 크라운BP (중랑구 상봉동),,3층,302호,중랑구 망우,중랑구 망우 3층 302호,,,
C076,스마트마포BP,02-3142-2016,02-323-2016,서울 마포구 잔다리로 77 (서교동) 대창빌딩 401호,서울특별시,마포구,,서교동,스마트마포BP 서울 마포구 잔다리로 77 (서교동) 대창빌딩 401호,서울특별시 마포구 서교동,서울특별시,서울특별시 마포구 서교동,스마트마포BP (마포구 서교동),,,401호,,401호,,,
C077,구로디지털BP,02-830-8747,02-830-8748,서울 구로구 디지털로29길 38 (구로동) 에이스테크노타워3차 709호,서울특별시,구로구,,구로동,구로디지털BP 서울 구로구 디지털로29길 38 (구로동) 에이스테크노타워3차 709호,서울특별시 구로구 구로동,서울특별시,서울특별시 구로구 구로동,구로디지털BP (구로구 구로동),,,709호,,709호,,,
C078,울산BP,052-254-3016,052-264-7016,울산 남구 돋질로239번길 4-4 (달동) 2층,울산광역시,남구,,달동,울산BP 울산 남구 돋질로239번길 4-4 (달동) 2층,울산광역시 남구 달동,울산광역시,울산광역시 남구 달동,울산BP (남구 달동),,2층,,남구 돋질,남구 돋질 2층,,,
C079,뉴부평BP,032-504-0577,032-232-1359,인천 부평구 동수로 173 (부개동) 1층,인천광역시,부평구,,부개동,뉴부평BP 인천 부평구 동수로 173 (부개동) 1층,인천광역시 부평구 부개동,인천광역시,인천광역시 부평구 부개동,뉴부평BP (부평구 부개동),,1층,,부평구 동수,부평구 동수 1층,,,
C080,순천우정BP,061-743-6066,061-743-6065,전남 순천시 연동남3길 5 (조례동) 2층(앤텔레콤),전라남도,순천시,,조례동,순천우정BP 전남 순천시 연동남3길 5 (조례동) 2층(앤텔레콤),전라남도 순천시 조례동,전라남도,전라남도 순천시 조례동,순천우정BP (순천시 조례동),,2층,,순천시 연동남3,순천시 연동남3 2층,,,
C081,목포BP,061-284-1094,061-281-1094,전남 목포시 영산로 95 (명륜동) 3층,전라남도,목포시,,명륜동,목포BP 전남 목포시 영산로 95 (명륜동) 3층,전라남도 목포시 명륜동,전라남도,전라남도 목포시 명륜동,목포BP (목포시 명륜동),,3층,,목포시 영산,목포시 영산 3층,,,
C082,전주BP,063-246-9922,063-246-9923,전북특별자치도 전주시 덕진구 가리내로 18 (금암동) 1층,전북특별자치도,전주시,덕진구,금암동,전주BP 전북특별자치도 전주시 덕진구 가리내로 18 (금암동) 1층,전북특별자치도 전주시 금암동,전라북도,전라북도 전주시 덕진구 금암동,전주BP (전주시 덕진구 금암동),,1층,,덕진구 가리내,덕진구 가리내 1층,,,
C083,군산웅비BP,063-452-7924,063-446-7924,전북 군산시 팔마로 212 (경장동) 2층 앤텔레콤,전북특별자치도,군산시,,경장동,군산웅비BP 전북 군산시 팔마로 212 (경장동) 2층 앤텔레콤,전북특별자치도 군산시 경장동,전라북도,전라북도 군산시 경장동,군산웅비BP (군산시 경장동),,2층,,군산시 팔마,군산시 팔마 2층,,,
C084,군산BP,063-471-8890,050-4418-6789,전북특별자치도 군산시 신풍길 31 (신풍동) 1층,전북특별자치도,군산시,,신풍동,군산BP 전북특별자치도 군산시 신풍길 31 (신풍동) 1층,전북특별자치도 군산시 신풍동,전라북도,전라북도 군산시 신풍동,군산BP (군산시 신풍동),,1층,,군산시 신풍,군산시 신풍 1층,,,
C085,익산BP,070-8250-9922,070-8250-9923,"전북특별자치도 익산시 목천로 48 (목천동, 목천동 원주아파트) 상가102동 2층 18호",전북특별자치도,익산시,,"목천동, 목천동 원주아파트","익산BP 전북특별자치도 익산시 목천로 48 (목천동, 목천동 원주아파트) 상가102동 2층 18호","전북특별자치도 익산시 목천동, 목천동 원주아파트",전라북도,"전라북도 익산시 목천동, 목천동 원주아파트",익산BP (익산시 목천동),,2층,18호,,2층 18호,,,
C086,군산강남글로벌BP,063-452-1878,0303-3440-1878,전북 군산시 양안로 75 (조촌동) 1층,전북특별자치도,군산시,,조촌동,군산강남글로벌BP 전북 군산시 양안로 75 (조촌동) 1층,전북특별자치도 군산시 조촌동,전라북도,전라북도 군산시 조촌동,군산강남글로벌BP (군산시 조촌동),,1층,,군산시 양안,군산시 양안 1층,,,
C087,올레BP,064-749-3016,064-749-3018,제주특별자치도 제주시 남성로 16 (용담1동) 1층,제주특별자치도,제주시,,용담1동,올레BP 제주특별자치도 제주시 남성로 16 (용담1동) 1층,제주특별자치도 제주시 용담1동,제주특별자치도,제주특별자치도 제주시 용담1동,올레BP (제주시 용담1동),,1층,,제주시 남성,제주시 남성 1층,,,
C088,제주우정BP,010-2700-8335,050-4161-8335,"제주특별자치도 제주시 삼봉로 137 (도련일동, 도련한양아파트) 101호",제주특별자치도,제주시,,"도련일동, 도련한양아파트","제주우정BP 제주특별자치도 제주시 삼봉로 137 (도련일동, 도련한양아파트) 101호","제주특별자치도 제주시 도련일동, 도련한양아파트",제주특별자치도,"제주특별자치도 제주시 도련일동, 도련한양아파트",제주우정BP (제주시 도련일동),,,101호,,101호,,,
C089,나눔천안BP,041-567-1530,041-566-1530,충남 천안시 동남구 수곡1길 12-5(신방동) 은광빌딩 4층,충청남도,천안시,동남구,신방동,나눔천안BP 충남 천안시 동남구 수곡1길 12-5(신방동) 은광빌딩 4층,충청남도 천안시 신방동,충청남도,충청남도 천안시 동남구 신방동,나눔천안BP (천안시 동남구 신방동),,4층,,동남구 수곡1,동남구 수곡1 4층,,,
C090,당진BP,041-352-5016,041-352-6016,충남 당진시 당진중앙3로 14 조향빌딩 (읍내동) 6층 602호,충청남도,당진시,,읍내동,당진BP 충남 당진시 당진중앙3로 14 조향빌딩 (읍내동) 6층 602호,충청남도 당진시 읍내동,충청남도,충청남도 당진시 읍내동,당진BP (당진시 읍내동),,6층,602호,당진시 당진중앙3,당진시 당진중앙3 6층 602호,,,
C091,충남스마트BP,041-531-5677,041-531-5688,충남 아산시 충무로 8 (온천동) 영성빌딩 5층,충청남도,아산시,,온천동,충남스마트BP 충남 아산시 충무로 8 (온천동) 영성빌딩 5층,충청남도 아산시 온천동,충청남도,충청남도 아산시 온천동,충남스마트BP (아산시 온천동),,5층,,아산시 충무,아산시 충무 5층,,,
C092,서산글로벌BP,041-666-6621,041-667-6016,충남 서산시 해미면 읍성마을2길 16 105호,충청남도,서산시,,해미면,서산글로벌BP 충남 서산시 해미면 읍성마을2길 16 105호,충청남도 서산시 해미면,충청남도,충청남도 서산시 해미면,서산글로벌BP (서산시 해미면),,,105호,,105호,,,
C093,청주BP,043-286-1016,043-286-2016,충북 청주시 서원구 산남로70번길 34 (산남동) 1동 610호,충청북도,청주시,서원구,산남동,청주BP 충북 청주시 서원구 산남로70번길 34 (산남동) 1동 610호,충청북도 청주시 산남동,충청북도,충청북도 청주시 서원구 산남동,청주BP (청주시 서원구 산남동),,,610호,,610호,,,
C094,충주BP,043-855-6555,043-847-2016,충북 충주시 중앙로 108 (성내동) 1층,충청북도,충주시,,성내동,충주BP 충북 충주시 중앙로 108 (성내동) 1층,충청북도 충주시 성내동,충청북도,충청북도 충주시 성내동,충주BP (충주시 성내동),,1층,,충주시 중앙,충주시 중앙 1층,,,
C095,청주흥덕BP,043-260-1216,043-260-2216,충북 청주시 흥덕구 과상미로 37 (봉명동) 1층,충청북도,청주시,흥덕구,봉명동,청주흥덕BP 충북 청주시 흥덕구 과상미로 37 (봉명동) 1층,충청북도 청주시 봉명동,충청북도,충청북도 청주시 흥덕구 봉명동,청주흥덕BP (청주시 흥덕구 봉명동),,1층,,흥덕구 과상미,흥덕구 과상미 1층,,,
C096,청주오션BP,043-221-1134,043-221-1135,충북 청주시 청원구 무심동로 648-1 (내덕동) 6층 2호,충청북도,청주시,청원구,내덕동,청주오션BP 충북 청주시 청원구 무심동로 648-1 (내덕동) 6층 2호,충청북도 청주시 내덕동,충청북도,충청북도 청주시 청원구 내덕동,청주오션BP (청주시 청원구 내덕동),,6층,2호,,6층 2호,,,
